{
  "overall_rate": 0.05927828916719657,
  "tables": {
    "idade_faixa_heuristica": {
      "00_12m": 0.12589727057812164,
      "121_240m": 0.028924533263213252,
      "13_24m": 0.09619268456877851,
      "240m_mais": 0.015862142275030414,
      "25_60m": 0.06902766317800843,
      "61_120m": 0.04654474039523751
    },
    "flag_optante_simples_t": {
      "0": 0.02023603652801796,
      "1": 0.07905643558269637
    },
    "flag_optante_mei_t": {
      "0": 0.029037588857120374,
      "1": 0.09184812164958647
    },
    "flag_excluido_simples_ate_t": {
      "0": 0.060950682866753675,
      "1": 0.03866026105873822
    },
    "flag_excluido_mei_ate_t": {
      "0": 0.060052790534699814,
      "1": 0.04248920419494139
    },
    "flag_tem_regime_t": {
      "0": 0.06154801436246322,
      "1": 0.02052668776695449
    }
  }
}