faixa_idade,n,share
20a+,8305350,0.123637
00-11m,13991324,0.208281
10-19a,11417216,0.169962
05-09a,12960677,0.192938
24-59m,13728446,0.204368
12-23m,6772189,0.100814
