porte,n,taxa_baixa
MICRO EMPRESA,50386301,0.400006
DEMAIS,14768052,0.731893
EMPRESA DE PEQUENO PORTE,2017732,0.188039
