faixa_idade,n,taxa_12m
20a+,4697664,0.015132
00-11m,3772082,0.144292
05-09a,7545669,0.058008
10-19a,6194218,0.034444
24-59m,7761716,0.078068
12-23m,2998151,0.097091
