grupo,n,taxa_12m
Nao Simples/Nao MEI,11634138,0.036857
Simples+MEI,14859806,0.098324
Nao Simples + MEI,17160,0.000408
Simples sem MEI,6458396,0.042362
