split_temporal,n,taxa_evento,cobertura_regime
treino,588158,0.05927828916719657,0.055330370410671965
validacao_total,622586,0.06181314709935656,0.054548287304886395
teste,659058,0.06568162437903796,0.05640929933329085
