banda_risco,n,taxa_evento,score_medio
alto,63811,0.16755731770384416,0.15087694926564668
baixo,285883,0.02801495716779242,0.025221246657380576
medio,309364,0.0794759571249402,0.07558184064999786
